tran_id,tran_dt,src_acct_id,tgt_acct_id,book_id,tran_amt,fee_amt,cap_applied
SYN2024061500001,2024-06-15,50,95,RETAIL    ,0.00,0.00,N
SYN2024061500002,2024-06-15,6,58,INSTL     ,334.20,1.67,N
SYN2024061500004,2024-06-15,75,7,INSTL     ,2395.70,11.98,N
SYN2024061500005,2024-06-15,102,11,RETAIL    ,581.30,8.72,N
SYN2024061500006,2024-06-15,31,116,INSTL     ,795.50,3.98,N
SYN2024061500007,2024-06-15,90,95,INSTL     ,859.30,4.30,N
SYN2024061500008,2024-06-15,39,20,INSTL     ,0.20,0.00,N
SYN2024061500009,2024-06-15,38,72,RETAIL    ,1019.70,15.30,N
SYN2024061500010,2024-06-15,94,98,INSTL     ,20.40,0.10,N
SYN2024061500011,2024-06-15,111,99,RETAIL    ,1247.10,18.71,N
SYN2024061500012,2024-06-15,18,15,RETAIL    ,349.70,5.25,N
SYN2024061500013,2024-06-14,86,4,INSTL     ,553.10,2.77,N
SYN2024061500014,2024-06-15,62,37,RETAIL    ,0.50,0.01,N
SYN2024061500015,2024-06-15,41,81,RETAIL    ,0.00,0.00,N
SYN2024061500016,2024-06-15,104,100,RETAIL    ,506.60,7.60,N
SYN2024061500017,2024-06-15,17,39,RETAIL    ,1353.80,20.31,N
SYN2024061500018,2024-06-15,103,72,INSTL     ,1334.50,6.67,N
SYN2024061500019,2024-06-15,104,21,RETAIL    ,2527.00,25.00,Y
SYN2024061500020,2024-06-15,19,112,RETAIL    ,750.80,11.26,N
SYN2024061500021,2024-06-15,83,67,RETAIL    ,1974.00,25.00,Y
SYN2024061500022,2024-06-15,46,94,RETAIL    ,91.40,1.37,N
SYN2024061500024,2024-06-15,45,82,RETAIL    ,669.50,10.04,N
SYN2024061500026,2024-06-15,7,37,INSTL     ,1168.80,5.84,N
SYN2024061500027,2024-06-15,98,108,INSTL     ,82.90,0.41,N
SYN2024061500028,2024-06-15,27,56,RETAIL    ,648.60,9.73,N
SYN2024061500029,2024-06-15,35,91,RETAIL    ,589.80,8.85,N
SYN2024061500030,2024-06-15,5,91,INSTL     ,3406.20,17.03,N
SYN2024061500031,2024-06-15,98,74,INSTL     ,660.60,3.30,N
SYN2024061500033,2024-06-15,60,113,RETAIL    ,0.40,0.01,N
SYN2024061500034,2024-06-15,22,2,INSTL     ,1666.60,8.33,N
SYN2024061500036,2024-06-15,107,115,INSTL     ,1011.10,5.06,N
SYN2024061500037,2024-06-15,116,87,RETAIL    ,1222.40,18.34,N
SYN2024061500038,2024-06-15,93,65,RETAIL    ,579.00,8.69,N
SYN2024061500039,2024-06-15,3,34,INSTL     ,999.50,5.00,N
SYN2024061500040,2024-06-15,74,12,RETAIL    ,946.90,14.20,N
SYN2024061500041,2024-06-15,78,9,RETAIL    ,1412.10,21.18,N
SYN2024061500042,2024-06-15,61,79,RETAIL    ,468.50,7.03,N
SYN2024061500043,2024-06-15,24,108,INSTL     ,740.20,3.70,N
SYN2024061500044,2024-06-15,45,86,RETAIL    ,883.50,13.25,N
SYN2024061500045,2024-06-14,25,19,INSTL     ,4972.50,24.86,N
SYN2024061500046,2024-06-15,63,9,RETAIL    ,1325.20,19.88,N
SYN2024061500047,2024-06-15,86,54,INSTL     ,0.00,0.00,N
SYN2024061500048,2024-06-15,95,111,INSTL     ,217.00,1.09,N
SYN2024061500049,2024-06-15,91,74,INSTL     ,0.00,0.00,N
SYN2024061500050,2024-06-15,85,38,INSTL     ,1044.90,5.22,N
SYN2024061500051,2024-06-15,58,25,RETAIL    ,677.60,10.16,N
SYN2024061500052,2024-06-15,50,47,RETAIL    ,493.70,7.41,N
SYN2024061500053,2024-06-15,46,42,RETAIL    ,0.20,0.00,N
SYN2024061500054,2024-06-15,53,59,INSTL     ,484.30,2.42,N
SYN2024061500055,2024-06-15,81,98,RETAIL    ,1666.60,25.00,N
SYN2024061500056,2024-06-15,112,78,INSTL     ,517.40,2.59,N
SYN2024061500057,2024-06-15,69,120,RETAIL    ,1666.60,25.00,N
SYN2024061500058,2024-06-15,57,95,INSTL     ,3890.10,19.45,N
SYN2024061500059,2024-06-15,34,64,INSTL     ,1203.50,6.02,N
SYN2024061500060,2024-06-15,50,93,RETAIL    ,688.10,10.32,N
SYN2024061500061,2024-06-15,29,57,RETAIL    ,1989.30,25.00,Y
SYN2024061500062,2024-06-15,106,65,INSTL     ,885.80,4.43,N
SYN2024061500063,2024-06-15,60,101,RETAIL    ,1062.70,15.94,N
SYN2024061500064,2024-06-15,16,113,RETAIL    ,3038.90,25.00,Y
SYN2024061500065,2024-06-15,88,54,RETAIL    ,631.20,9.47,N
SYN2024061500066,2024-06-15,74,63,RETAIL    ,320.10,4.80,N
SYN2024061500067,2024-06-15,117,75,INSTL     ,686.40,3.43,N
SYN2024061500068,2024-06-15,66,98,INSTL     ,211.90,1.06,N
SYN2024061500069,2024-06-15,4,50,INSTL     ,1666.60,8.33,N
SYN2024061500070,2024-06-15,44,36,RETAIL    ,315.80,4.74,N
SYN2024061500071,2024-06-15,94,104,INSTL     ,964.40,4.82,N
SYN2024061500072,2024-06-15,18,113,RETAIL    ,874.90,13.12,N
SYN2024061500074,2024-06-15,104,60,RETAIL    ,995.70,14.94,N
SYN2024061500075,2024-06-15,29,110,RETAIL    ,165.70,2.49,N
SYN2024061500079,2024-06-15,12,10,INSTL     ,0.10,0.00,N
SYN2024061500080,2024-06-15,24,87,INSTL     ,3636.90,18.18,N
SYN2024061500081,2024-06-15,85,11,INSTL     ,835.40,4.18,N
SYN2024061500082,2024-06-15,10,23,RETAIL    ,0.10,0.00,N
SYN2024061500083,2024-06-15,105,1,INSTL     ,1666.60,8.33,N
SYN2024061500084,2024-06-15,6,54,INSTL     ,1280.00,6.40,N
SYN2024061500085,2024-06-15,77,111,INSTL     ,690.80,3.45,N
SYN2024061500086,2024-06-15,58,49,RETAIL    ,1192.10,17.88,N
SYN2024061500087,2024-06-15,88,36,RETAIL    ,679.70,10.20,N
SYN2024061500088,2024-06-15,72,68,RETAIL    ,0.60,0.01,N
SYN2024061500089,2024-06-15,20,5,RETAIL    ,1341.60,20.12,N
SYN2024061500090,2024-06-15,29,88,RETAIL    ,0.60,0.01,N
SYN2024061500091,2024-06-15,62,100,RETAIL    ,1107.30,16.61,N
SYN2024061500092,2024-06-15,37,6,RETAIL    ,577.20,8.66,N
SYN2024061500093,2024-06-15,104,107,RETAIL    ,703.50,10.55,N
SYN2024061500094,2024-06-15,66,94,INSTL     ,1225.10,6.13,N
SYN2024061500095,2024-06-15,104,31,RETAIL    ,1213.40,18.20,N
SYN2024061500096,2024-06-15,80,67,INSTL     ,3971.40,19.86,N
SYN2024061500097,2024-06-15,79,88,RETAIL    ,1262.40,18.94,N
SYN2024061500098,2024-06-15,20,48,RETAIL    ,1094.50,16.42,N
SYN2024061500099,2024-06-15,107,71,INSTL     ,240.60,1.20,N
SYN2024061500100,2024-06-15,114,8,RETAIL    ,1090.90,16.36,N
SYN2024061500101,2024-06-15,25,3,INSTL     ,193.10,0.97,N
SYN2024061500103,2024-06-15,70,114,INSTL     ,1383.40,6.92,N
SYN2024061500104,2024-06-14,45,109,RETAIL    ,3923.90,25.00,Y
SYN2024061500105,2024-06-15,90,39,INSTL     ,552.40,2.76,N
SYN2024061500106,2024-06-14,30,11,RETAIL    ,0.00,0.00,N
SYN2024061500107,2024-06-15,1,90,RETAIL    ,4145.50,25.00,Y
SYN2024061500108,2024-06-15,24,11,INSTL     ,459.80,2.30,N
SYN2024061500109,2024-06-15,25,68,INSTL     ,533.00,2.67,N
SYN2024061500111,2024-06-15,112,91,INSTL     ,0.50,0.00,N
SYN2024061500112,2024-06-15,81,69,RETAIL    ,955.10,14.33,N
SYN2024061500113,2024-06-15,98,44,INSTL     ,427.30,2.14,N
SYN2024061500114,2024-06-15,75,70,INSTL     ,3929.10,19.65,N
SYN2024061500116,2024-06-15,113,55,RETAIL    ,1724.50,25.00,Y
SYN2024061500117,2024-06-15,58,85,RETAIL    ,866.10,12.99,N
SYN2024061500118,2024-06-15,11,49,RETAIL    ,1432.80,21.49,N
SYN2024061500119,2024-06-15,80,27,INSTL     ,2234.10,11.17,N
SYN2024061500120,2024-06-14,2,50,RETAIL    ,0.00,0.00,N
SYN2024061500121,2024-06-15,44,38,RETAIL    ,1666.60,25.00,N
SYN2024061500122,2024-06-15,17,79,RETAIL    ,938.30,14.07,N
SYN2024061500123,2024-06-15,49,105,INSTL     ,0.10,0.00,N
SYN2024061500124,2024-06-15,55,108,INSTL     ,55.30,0.28,N
SYN2024061500125,2024-06-15,12,96,INSTL     ,0.00,0.00,N
SYN2024061500126,2024-06-15,85,84,INSTL     ,672.90,3.36,N
SYN2024061500128,2024-06-15,50,13,RETAIL    ,846.60,12.70,N
SYN2024061500129,2024-06-15,56,101,INSTL     ,307.80,1.54,N
SYN2024061500131,2024-06-15,13,81,RETAIL    ,0.00,0.00,N
SYN2024061500132,2024-06-15,47,113,INSTL     ,3462.10,17.31,N
SYN2024061500133,2024-06-15,4,83,INSTL     ,1039.60,5.20,N
SYN2024061500134,2024-06-15,118,104,RETAIL    ,542.90,8.14,N
SYN2024061500135,2024-06-15,56,98,INSTL     ,1666.60,8.33,N
SYN2024061500136,2024-06-15,99,54,INSTL     ,412.70,2.06,N
SYN2024061500137,2024-06-15,20,16,RETAIL    ,4217.90,25.00,Y
SYN2024061500138,2024-06-15,68,80,RETAIL    ,38.80,0.58,N
SYN2024061500139,2024-06-14,14,111,RETAIL    ,932.20,11.65,N
SYN2024061500140,2024-06-15,111,98,RETAIL    ,297.40,4.46,N
SYN2024061500142,2024-06-15,33,25,RETAIL    ,0.00,0.00,N
SYN2024061500143,2024-06-15,22,61,INSTL     ,3846.70,19.23,N
SYN2024061500144,2024-06-15,88,38,RETAIL    ,0.80,0.01,N
SYN2024061500145,2024-06-15,110,77,RETAIL    ,0.80,0.01,N
SYN2024061500146,2024-06-15,20,49,RETAIL    ,1666.60,25.00,N
SYN2024061500148,2024-06-15,100,56,INSTL     ,1067.90,5.34,N
SYN2024061500149,2024-06-15,91,118,INSTL     ,994.20,4.97,N
SYN2024061500150,2024-06-15,79,77,RETAIL    ,1055.80,15.84,N
SYN2024061500151,2024-06-15,66,21,INSTL     ,1134.40,5.67,N
SYN2024061500152,2024-06-15,83,52,RETAIL    ,1013.60,15.20,N
SYN2024061500153,2024-06-15,112,96,INSTL     ,945.50,4.73,N
SYN2024061500154,2024-06-15,39,48,INSTL     ,4083.30,20.42,N
SYN2024061500155,2024-06-15,68,92,RETAIL    ,733.10,11.00,N
SYN2024061500156,2024-06-15,87,31,RETAIL    ,423.90,6.36,N
SYN2024061500157,2024-06-15,97,9,RETAIL    ,775.50,11.63,N
SYN2024061500159,2024-06-15,72,59,RETAIL    ,1022.90,15.34,N
SYN2024061500160,2024-06-15,108,68,INSTL     ,91.30,0.46,N
SYN2024061500161,2024-06-15,69,80,RETAIL    ,1102.30,16.53,N
SYN2024061500162,2024-06-15,34,36,INSTL     ,759.40,3.80,N
SYN2024061500163,2024-06-15,105,88,INSTL     ,1403.00,7.02,N
SYN2024061500164,2024-06-15,36,69,RETAIL    ,1296.80,19.45,N
SYN2024061500166,2024-06-15,116,13,RETAIL    ,1102.60,16.54,N
SYN2024061500167,2024-06-15,103,23,INSTL     ,595.70,2.98,N
SYN2024061500168,2024-06-15,89,86,RETAIL    ,707.20,10.61,N
SYN2024061500169,2024-06-15,28,49,INSTL     ,1666.60,8.33,N
SYN2024061500170,2024-06-15,61,68,RETAIL    ,0.50,0.01,N
SYN2024061500171,2024-06-15,12,118,INSTL     ,3515.20,17.58,N
SYN2024061500172,2024-06-15,102,63,RETAIL    ,595.90,8.94,N
SYN2024061500173,2024-06-15,56,104,INSTL     ,3235.20,16.18,N
SYN2024061500174,2024-06-15,90,54,INSTL     ,4986.40,24.93,N
SYN2024061500175,2024-06-15,54,25,RETAIL    ,378.50,5.68,N
SYN2024061500176,2024-06-14,2,37,RETAIL    ,1449.50,18.12,N
SYN2024061500178,2024-06-15,70,116,INSTL     ,0.00,0.00,N
SYN2024061500180,2024-06-15,119,87,RETAIL    ,0.00,0.00,N
SYN2024061500181,2024-06-15,48,99,RETAIL    ,0.00,0.00,N
SYN2024061500182,2024-06-15,102,86,RETAIL    ,0.50,0.01,N
SYN2024061500183,2024-06-15,71,46,INSTL     ,540.10,2.70,N
SYN2024061500184,2024-06-15,28,116,INSTL     ,518.00,2.59,N
SYN2024061500185,2024-06-15,4,65,INSTL     ,1666.60,8.33,N
SYN2024061500186,2024-06-15,61,38,RETAIL    ,1260.00,18.90,N
SYN2024061500187,2024-06-15,69,15,RETAIL    ,1965.50,25.00,Y
SYN2024061500188,2024-06-15,75,102,INSTL     ,519.90,2.60,N
SYN2024061500189,2024-06-15,37,1,RETAIL    ,2326.20,25.00,Y
SYN2024061500190,2024-06-14,112,23,INSTL     ,421.80,2.11,N
SYN2024061500191,2024-06-15,36,45,RETAIL    ,0.10,0.00,N
SYN2024061500192,2024-06-15,109,52,RETAIL    ,1039.20,15.59,N
SYN2024061500193,2024-06-15,66,59,INSTL     ,1429.00,7.15,N
SYN2024061500194,2024-06-15,64,90,RETAIL    ,90.20,1.35,N
SYN2024061500195,2024-06-15,102,16,RETAIL    ,1371.10,20.57,N
SYN2024061500197,2024-06-15,44,113,RETAIL    ,244.40,3.67,N
SYN2024061500198,2024-06-15,34,9,INSTL     ,1377.00,6.89,N
SYN2024061500199,2024-06-15,105,24,INSTL     ,2585.90,12.93,N
SYN2024061500200,2024-06-15,61,86,RETAIL    ,1473.80,22.11,N
SYN2024061500201,2024-06-15,75,92,INSTL     ,1250.40,6.25,N
SYN2024061500202,2024-06-15,33,104,RETAIL    ,0.00,0.00,N
SYN2024061500203,2024-06-15,9,66,RETAIL    ,1304.20,19.56,N
SYN2024061500204,2024-06-15,104,66,RETAIL    ,4632.20,25.00,Y
SYN2024061500205,2024-06-15,102,51,RETAIL    ,327.20,4.91,N
SYN2024061500206,2024-06-15,34,101,INSTL     ,937.50,4.69,N
SYN2024061500207,2024-06-15,17,5,RETAIL    ,1047.00,15.71,N
SYN2024061500208,2024-06-14,52,2,RETAIL    ,0.60,0.01,N
SYN2024061500209,2024-06-15,18,25,RETAIL    ,583.20,8.75,N
SYN2024061500210,2024-06-15,4,36,INSTL     ,1241.00,6.21,N
SYN2024061500211,2024-06-15,6,105,INSTL     ,1666.60,8.33,N
SYN2024061500212,2024-06-14,67,52,INSTL     ,1056.50,5.28,N
SYN2024061500213,2024-06-15,20,92,RETAIL    ,242.80,3.64,N
SYN2024061500214,2024-06-15,29,6,RETAIL    ,0.80,0.01,N
SYN2024061500215,2024-06-15,110,12,RETAIL    ,1187.60,17.81,N
SYN2024061500216,2024-06-15,30,45,RETAIL    ,198.10,2.97,N
SYN2024061500217,2024-06-15,111,58,RETAIL    ,348.20,5.22,N
SYN2024061500218,2024-06-15,49,30,INSTL     ,923.80,4.62,N
SYN2024061500219,2024-06-15,71,119,INSTL     ,1492.50,7.46,N
SYN2024061500220,2024-06-15,73,1,RETAIL    ,0.30,0.00,N
SYN2024061500221,2024-06-15,88,14,RETAIL    ,0.50,0.01,N
SYN2024061500222,2024-06-15,86,90,INSTL     ,975.10,4.88,N
SYN2024061500223,2024-06-15,61,99,RETAIL    ,833.90,12.51,N
SYN2024061500224,2024-06-15,116,83,RETAIL    ,2719.90,25.00,Y
SYN2024061500225,2024-06-15,34,108,INSTL     ,2012.70,10.06,N
SYN2024061500226,2024-06-15,81,51,RETAIL    ,912.00,13.68,N
SYN2024061500228,2024-06-15,92,63,RETAIL    ,1666.60,25.00,N
SYN2024061500230,2024-06-15,12,73,INSTL     ,900.90,4.50,N
SYN2024061500231,2024-06-15,26,16,RETAIL    ,2025.40,25.00,Y
SYN2024061500232,2024-06-15,86,6,INSTL     ,159.90,0.80,N
SYN2024061500233,2024-06-15,58,93,RETAIL    ,285.40,4.28,N
SYN2024061500235,2024-06-15,20,68,RETAIL    ,288.30,4.32,N
SYN2024061500236,2024-06-15,23,58,INSTL     ,405.50,2.03,N
SYN2024061500237,2024-06-15,92,52,RETAIL    ,1164.40,17.47,N
SYN2024061500239,2024-06-15,15,82,INSTL     ,2527.50,12.64,N
SYN2024061500240,2024-06-15,68,29,RETAIL    ,985.20,14.78,N
SYN2024061500241,2024-06-15,58,68,RETAIL    ,1302.60,19.54,N
SYN2024061500242,2024-06-15,66,97,INSTL     ,3022.90,15.11,N
SYN2024061500243,2024-06-15,81,28,RETAIL    ,1666.60,25.00,N
SYN2024061500244,2024-06-15,11,78,RETAIL    ,1099.50,16.49,N
SYN2024061500245,2024-06-15,45,64,RETAIL    ,844.40,12.67,N
SYN2024061500246,2024-06-15,44,108,RETAIL    ,3558.10,25.00,Y
SYN2024061500247,2024-06-15,73,68,RETAIL    ,1087.30,16.31,N
SYN2024061500248,2024-06-15,12,102,INSTL     ,2305.40,11.53,N
SYN2024061500249,2024-06-15,66,27,INSTL     ,0.00,0.00,N
SYN2024061500250,2024-06-15,30,52,RETAIL    ,1666.60,25.00,N
